Path,Cấu trúc dữ liệu,Mô hình truy cập,Tối ưu hóa,Rủi ro
src/app.rs,schedules: Schedules,Truy cập ghi một lần lúc khởi tạo, truy cập đọc mỗi frame trong vòng lặp chính.,Dữ liệu lịch trình là ổn định, không có chi phí cấp phát mỗi frame.,Không có.
src/schedule/executor.rs,batch: Vec, remaining: Vec,Cấp phát và hủy các Vec tạm thời trong mỗi vòng lặp của stage.,Có thể tái sử dụng Vec bằng cách clear() thay vì tạo mới để giảm áp lực lên allocator.,Chi phí cấp phát nhỏ, không đáng kể trong hầu hết các trường hợp.
src/world.rs,archetypes: Vec<Archetype>,Truy cập đọc thường xuyên. Truy cập ghi (thêm/xóa archetype) ít xảy ra, chủ yếu khi entity thay đổi cấu trúc component.,Layout SoA (Struct of Arrays) bên trong Archetype giúp tối đa hóa cache hits khi query.,Phân mảnh bộ nhớ có thể xảy ra nếu có quá nhiều loại archetype được tạo và hủy liên tục.
src/renderer/gpu.rs,instance_buffer: wgpu::Buffer,Ghi dữ liệu vào buffer mỗi frame (queue.write_buffer). GPU đọc dữ liệu này.,Dữ liệu được ghi vào một buffer duy nhất, đã được cấp phát trước. Tránh cấp phát buffer GPU mỗi frame.,Kích thước instance_buffer được cấp phát trước, nếu số lượng thực thể vượt quá max_instances sẽ gây crash.
src/event.rs,events: Events<T>,Ghi vào buffer 'a', đọc từ buffer 'b'. Thao tác update hoán đổi con trỏ và clear, tránh cấp phát lại Vec.,Mẫu double-buffer hiệu quả, tránh re-allocation. Dữ liệu được đọc dưới dạng slice &[T], không có clone.,Không có. Thiết kế này an toàn và hiệu suất cao.
src/components.rs,Refactor Snake resource to ECS,Chuyển từ Snake resource (VecDeque<Entity>) sang Head/Body/Follow component,Truy cập component-based, tối ưu hóa cho movement/growth/collision ECS,Loại bỏ coupling, tăng khả năng mở rộng, chuẩn hóa định danh một từ,2024-06-09T15:00:00+07:00
src/systems/food.rs,Query<(&mut Lifetime)>,Lặp qua hàng ngàn thực thể mỗi tick để kiểm tra thời gian sống.,Việc lặp này có thể chạy song song. Dữ liệu Lifetime nằm liền kề trong archetype, tối ưu cho cache.,Nếu có quá nhiều hệ thống cùng lặp qua một lượng lớn thực thể, có thể gây tranh chấp băng thông bộ nhớ.
src/systems/collision.rs,Query<(&Position, &SnakeBody)>,Đọc vị trí của hàng trăm đốt thân mỗi tick để kiểm tra va chạm.,Sử dụng HashSet hoặc một cấu trúc không gian (spatial hash) để kiểm tra va chạm trong O(1) thay vì O(n) sẽ là một tối ưu hóa lớn.,Va chạm brute-force (O(n)) sẽ trở thành điểm nghẽn nếu rắn quá dài.
src/systems/snake.rs,Refactor Movement state buffering,Triển khai movement hai pha, không giữ nhiều &mut T cùng lúc, mutate qua index và archetype,Truy cập an toàn, không borrow chồng chéo, sạch linter,Đảm bảo logic ECS đúng chuẩn,2024-06-09T16:00:00+07:00
